"Metric","Low_Rating","High_Rating"
"Average Price",10315.4385050963,13233.5885328836
"Median Price",6839,9500.99999999999
"Average Reviews",53.7204416761042,45.1594796434594
"Median Reviews",31,22
