"Model","Accuracy","Precision","Recall","F1_Score","Specificity","AUC"
"logistic",0.582603619381203,0.596551724137931,0.587768969422424,0.592127780946948,0.57710843373494,0.602176315681753
"decision_tree",0.580268534734384,0.638983050847458,0.426953567383918,0.511880515953836,0.743373493975904,0.580999194967867
"random_forest",0.611792177466433,0.625287356321839,0.616081540203851,0.620650313747861,0.607228915662651,0.650068905292745
"svm",0.598949211908932,0.621287128712871,0.568516421291053,0.593731519810763,0.631325301204819,0.626400960580715
"naive_bayes",0.56450671336836,0.608214849921011,0.436013590033975,0.507915567282322,0.701204819277108,0.580503213306226
